_id,id,amount,status,date,__v
69c5f8a28fa40c365a9e3452,Txn2890,181,Success,2026-03-27,0
69c5f98a8fa40c365a9e3458,Txn3607,770,Success,2026-03-27,0
69c5f8a18fa40c365a9e3446,Txn2752,112,Success,2026-03-27,0
69c5f8a28fa40c365a9e344f,Txn2894,420,Success,2026-03-27,0
69c5f8a28fa40c365a9e3449,Txn5003,819,Success,2026-03-27,0
69c5f8a18fa40c365a9e3443,Txn7027,300,Success,2026-03-27,0
69c49c64a0b3694e5e5e7456,Txn05,500,Success,2026-01-25,0
69c4885fe6c414b1b5fff626,Txn01,500,Success,2026-01-05,0
69c5f89f8fa40c365a9e3440,Txn3953,116,Success,2026-03-27,0
69c5f8a28fa40c365a9e344c,Txn5954,695,Success,2026-03-27,0